"id";"title";"year"
"";"Urban land use and transportation models: A state-of-the-art summary";"1975"
"";"Complex systems: A survey";"2011"
"";"A decade of SLEUTHing: Lessons learned from applications of a cellular automaton land use change model";"2007"
"";"Chaos, fractales et dynamiques en géographie";"1995"
"";"Does scale exist? An epistemological scale continuum for complex human–environment systems";"2008"
"";"Emergence of hierarchy in cost-driven growth of spatial networks";"2013"
"";"Multimodel inference understanding AIC and BIC in model selection";"2004"
"";"A topological pattern of urban street networks: universality and peculiarity";"2007"
"";"A hybrid network/grid model of urban morphogenesis and optimization";"2014"
"";"Computing communities in large networks using random walks (long version)";"2005"
"";"A disaggregate residential equilibrium assignment model";"2012"
"";"Modélisation de la dynamique des systèmes de peuplement: de SimpopLocal à SimpopNet.";"2014"
"";"On the Nexus of the Spatial Dynamics of Global Urbanization and the Age of the City";"2016"
"";"L’urbanisme des réseaux, théories et méthodes";"1991"
"";"There is more than a power law in Zipf";"2012"
"";"Agent-Based Models and Simulations in Economics and Social Sciences: from conceptual exploration to distinct ways of experimenting";"2010"
"";"Overview of an international study to compare models and evaluate land-use and transport policies";"1991"
"";"Access to destinations: Development of accessibility measures";"2006"
"";"Conception d’un automate cellulaire non stationnaire à base de graphe pour modéliser la structure spatiale urbaine: le modèle Remus";"2007"
"";"Transport and urban form in Chinese cities: an international comparative and policy perspective with implications for sustainable urban transport in China";"2002"
"";"Le Grand Paris de l’emploi: l’extension des infrastructures de transport peut-elle avoir des effets positifs sur le chomage local?";"2013"
"";"Luria-Delbruck, revisited: The classic experiment does not rule out Lamarckian evolution";"2017"
"";"Croissance urbaine, modes de transport et intermodalité: actes du séminaire organisé à Chengdu (Sichuan), dans le cadre du colloque du Comité France-Chine des 29 et 30 octobre 2001";"2003"
"";"QGIS et l’analyse de graphe";"2013"
"";"A nested factor model for non-linear dependences in stock returns";"2013"
"";"A Measure of Originality The Elements of Science";"1999"
"";"The wider spatial-economic impacts of high-speed trains: a comparative case study of Manchester and Lille sub-regions";"2012"
"";"Spatial ecology: the role of space in population dynamics and interspecific interactions";"1997"
"";"Combining complex networks and data mining: why and how";"2016"
"";"The fractal simulation of urban structure";"1986"
"";"Growing cities sustainably: does urban form really matter?";"2012"
"";"Stochastic cycle selection in active flow networks";"2016"
"";"Pattern-oriented modeling of agent-based complex systems: lessons from ecology";"2005"
"";"Tobler’s first law of geography: A big idea for a small world?";"2004"
"";"Paris et ses transports: XIXe-XXe siècles, deux siècles de décisions pour la ville et sa région";"2002"
"";"Procedural modeling of urban land use";"2006"
"";"Hysteresis and urban rail: The effects of past urban rail on current residential and travel choices";"2012"
"";"Notes on equilibria in symmetric games";"2004"
"";"The rise of the mega-region";"2008"
"";"How streetcars shaped suburbanization: a Granger causality analysis of land use and transit in the Twin Cities";"2009"
"";"Disconnected! The parallel streams of network literature in the natural and social sciences";"2015"
"";"Polycentrisme urbain: une réalité spatialement mesurable?";"2004"
"";"Analyse spatio-temporelle d’un mouvement scientifique. L’exemple de la géographie théorique et quantitative européenne francophone.";"2014"
"";"Occam’s Vorpal Quantum Razor: Memory Reduction When Simulating Continuous-Time Stochastic Processes With Quantum Devices";"2017"
"";"Infrastructures autoroutières, mobilité et dynamiques territoriales";"2003"
"";"Une plateforme intégrée pour la construction et l’évaluation de modèles de simulation en géographie";"2015"
"";"A direction dependent least-cost-path algorithm for roads and canals";"2000"
"";"Economic geography and the evolution of networks";"2007"
"";"L’évolution des villes dans l’espace post-soviétique. Observation et modélisations.";"2014"
"";"Spatial-temporal Changes of Urban Competitiveness in Urban Cluster of Pearl River Delta [J]";"2006"
"";"Hypergeo";"2017"
"";"Notes on the genesis of wholes: Christopher Alexander and his continuing influence";"2007"
"";"On fieldwork";"1989"
"";"Replicability is not reproducibility: nor is it good science";"2009"
"";"The new science of cities";"2013"
"";"The co-evolution of land use and road networks";"2007"
"";"Interaction of rail infrastructure and urbanisation in the Netherlands  a preliminary analysis";"2010"
"";"Ten Simple Rules for Taking Advantage of Git and GitHub";"2016"
"";"Impacts of high speed rail on railroad network accessibility in China";"2014"
"";"Estimating the dimensions of weather and climate attractors";"1986"
"";"Final note on a class of skew distribution functions: Analysis and critique of a model due to H. A. Simon";"1961"
"";"Transport infrastructures and employment growth in the Paris metropolitan margins";"2013"
"";"Zipf’s law for cities: an explanation";"1999"
"";"Detecting emerging research fronts based on topological measures in citation networks of scientific publications";"2008"
"";"Aristotle vs. Ringelmann: A response to Scholtes et al. on Superlinear Production in Open Source Software";"2016"
"";"Urban form revisited—Selecting indicators for characterising European cities";"2010"
"";"Epistémologie des modèles et des simulations: tour d’horizon et tendances";"2008"
"";"On the Scale free laws of Urban Facilities";"2015"
"";"Novel processes and metrics for a scientific evaluation rooted in the principles of science - Version 1";"2017"
"";"Large-scale analysis of Zipf’s law in English texts";"2015"
"";"Network Structure and City Size";"2012"
"";"City Systems, Urban History, and Economic Modernity";"1999"
"";"Les etres collectifs en question";"2015"
"";"Potential Impact of Housing Policy on Transportation Infrastructure in Chinese Cities";"2007"
"";"Reproducibility in Research: Systems, Infrastructure, Culture";"2015"
"";"A solution to the dynamical inverse problem of EEG generation using spatiotemporal Kalman filtering";"2004"
"";"Power of knowledge: The imaginary formation of the Chinese middle stratum in an era of growth and stability";"2008"
"";"More is different";"1972"
"";"‘Territorial deregulation’: Local authorities at risk from technical networks";"2000"
"";"Analysis of economic growth in regions: Geographical and institutional aspect";"2007"
"";"Urban Growth Modeling Based on Land-use Changes and Road Network Expansion";"2013"
"";"Spatial economic impacts of transport infrastructure supply";"1994"
"";"Statistical Physics of the Spatial Prisoner’s Dilemma";"2015"
"";"Retour sur les effets économiques du TGV. Les effets structurants sont un mythe (interview)";"2011"
"";"Les effets structurants du transport: mythe politique, mystification scientifique";"1993"
"";"Railways and city in territorialization processes in South Africa : from separation to integration ?";"2016"
"";"Transport-land use interaction modeling - Residential choices of households in urban area of Lyon";"2009"
"";"SimpopSan - ExperimentalModeling v1.0 - http://dx.doi.org/10.5281/zenodo.59687";"2016"
"";"Modeling the Polycentric Transition of Cities";"2013"
"";"De l’espace aux territoires: éléments pour une archéologie des concepts fondamentaux de la géographie";"1998"
"";"The theory underlying concept maps and how to construct and use them";"2008"
"";"Obtaining the borders of urban areas";"2015"
"";"Fractal geometry for measuring and modelling urban patterns";"2008"
"";"Urban characteristics attributable to density-driven tie formation";"2013"
"";"Integrated co-evolution model of land use and traffic network design";"2016"
"";"Traversées alpines, ville et territoire: le paradoxe de la vitesse";"2002"
"";"Christaller, toujours vivant!";"2011"
"";"Multilevel comparison of large urban systems";"2015"
"";"The dynamics of national innovation systems: A panel cointegration analysis of the coevolution between innovative capability and absorptive capacity";"2013"
"";"Assessing the completeness and positional accuracy of OpenStreetMap in China";"2014"
"";"State-led metropolitan governance in China: Making integrated city regions";"2014"
"";"Anatomy and efficiency of urban multimodal mobility";"2014"
"";"TERRITORY AND TERRITORIALIZATION: PRESENT STATE OF THE CAENTI THOUGHT";"2006"
"";"Information and Selforganization: A Unifying Approach and Applications";"2016"
"";"Spatio-temporal correlation: theory and applications for wireless sensor networks";"2004"
"";"Modéliser & simuler. Epistémologies et pratiques de la modélisation et de la simulation, tome 1";"2013"
"";"The Spatial Context of Residential Segregation";"2015"
"";"Signals and boundaries: Building blocks for complex adaptive systems";"2012"
"";"An Interdisciplinary Approach to Morphogenesis";"2016"
"";"Pour une théorie évolutive des villes";"1997"
"";"From funding agencies to scientific agency";"2014"
"";"Multi-objective model selection for support vector machines";"2005"
"";"Loose-coupling a cellular automaton model and GIS: long-term urban growth prediction for San Francisco and Washington/Baltimore";"1998"
"";"Paving new ground: a Markov chain model of the change in transportation networks and land use";"2005"
"";"Transports et territoires: enjeux et débats";"2009"
"";"Jurisdictional control and network growth";"2009"
"";"Great planning disasters";"1982"
"";"Complexity and the nervous system";"1999"
"";"A Multricriteria approach for choosing a new public transport system linked to urban development : a method developed in the Bahn.Ville project for a tram-train scenario in the Saint-Étienne region";"2016"
"";"Chapitre 17. Modélisation multi-agent de l’embryogenèse animale";"2016"
"";"An axiomatic approach to the measurement of accessibility";"1976"
"";"Game theory and political theory: An introduction";"1986"
"";"Structure of growing networks with preferential linking";"2000"
"";"Advances in agent population synthesis and application in an integrated land use and transportation model";"2009"
"";"Accessibility Distribution Impact of Intercity Rail Transit Development on Pearl River Delta Region in China";"2012"
"";"Power laws, Pareto distributions and Zipf’s law";"2005"
"";"Likelihood approximation by numerical integration on sparse grids";"2008"
"";"Theoretical principles in interurban simulation models: a comparison";"2013"
"";"Giga-voxel computational morphogenesis for structural design";"2017"
"";"Meta-assessment of bias in science";"2017"
"";"How congestion shapes cities: from mobility patterns to scaling";"2014"
"";"NetLogo Urban Suite-Tijuana Bordertowns model";"2007"
"";"Investigating the Empirical Existence of Static User Equilibrium";"2016"
"";"A Generalized Population Dynamics Model of a City and an Algorithm for Engineering Regime Shifts";"2016"
"";"Urbanization and Income Inequality in Post-Reform China: A Causal Analysis Based on Time Series Data";"2016"
"";"Scaling in Transportation Networks";"2014"
"";"What’s wrong with Science?";"2016"
"";"R: A Language and Environment for Statistical Computing";"2015"
"";"NLTK: the natural language toolkit";"2006"
"";"Spatial science and network science: Review and outcomes of a complex relationship";"2014"
"";"Décider en corps. Identité, réalité et mode d’etre des corps délibérants";"2015"
"";"Generative social science: Studies in agent-based computational modeling";"2006"
"";"Evolution of the geography of innovation: evidence from patent data";"2002"
"";"A century of physics";"2015"
"";"An algorithm for motif-based network design";"2016"
"";"Eurostat Geographical Data";"2014"
"";"La contribution de la grande vitesse ferroviaire à l’interrégionalité en France.(High-speed rail and inter-regionality in France)";"2008"
"";"Modelling urban growth";"1995"
"";"Patterns and grammars for transport network generation";"2010"
"";"L’Observation flottante L’exemple d’un cimetière parisien";"1982"
"";"Innovation cycles and urban dynamics";"2009"
"";"A MODIFIED YULE-SIMON MODEL ALLOWING FOR INTERCITY MIGRATION AND ACCOUNTING FOR THE OBSERVED FORM OF THE SIZE DISTRIBUTION OF CITIES*";"1973"
"";"Systems biology, integrative biology, predictive biology";"2005"
"";"La ville à l’échelle de l’Europe-Apports du couplage et de l’expertise de bases de données issues de l’imagerie satellitale";"2016"
"";"The Chengdu-Guiyang High-Speed Rail Influence on the Location Advantage and Functional Positioning of Yibin City [J]";"2012"
"";"X. Les transports urbains: entre secteurs, réseaux et territoires";"2002"
"";"Betweenness centrality patterns in random planar graphs";"2016"
"";"Endogenous growth theory";"1998"
"";"Economics of agglomeration";"1996"
"";"The network analysis of urban streets: a dual approach";"2006"
"";"On the mechanics of economic development";"1998"
"";"Geographical economics versus economic geography: towards a clarification of the dispute";"2004"
"";"Morphogenese urbaine: coevolution du reseau viaire et du bati";"2013"
"";"Multiple equilibria and structural transition of non-monocentric urban configurations";"1982"
"";"Knowledge Accelerator’ in Geography and Social Sciences: Further and Faster, but Also Deeper and Wider";"2017"
"";"Stochastic blockmodels and community structure in networks";"2011"
"";"The geography of coevolution: comparative population structures for a snail and its trematode parasite";"1996"
"";"La contribution des villes nouvelles au polycentrisme francilien";"2005"
"";"La vulnérabilité structurelle des réseaux de transport dans un contexte de risques";"2005"
"";"Models of transportation and land use change: a guide to the territory";"2008"
"";"Object-Process Methodology: A Holistic Systems Paradigm";"2002"
"";"Mendeley Reference Manager";"2015"
"";"Good enough practices in scientific computing";"2017"
"";"Aménagement urbain et jeux d’échelles : construction à Aménagement urbain et jeux d’échelles : construction à Aménagement urbain et jeux d’échelles : construction à plusieurs niveaux d’un réseau de transport métropolitain";"2012"
"";"A game theory approach to urban public transport integration policy";"2008"
"";"Géographie des transports";"2005"
"";"A modular modelling framework for hypotheses testing in the simulation of urbanisation";"2015"
"";"Measuring the effect of transportation infrastructure on retail firm co-location patterns";"2016"
"";"La detection des effets structurants d’autoroute: Application à la Vallée du Rhone";"1974"
"";"emdist: Earth Mover’s Distance. R package version 0.2-1";"2011"
"";"Vers une modélisation de la dynamique intra urbaine";"1984"
"";"Spatio-temporal Granger causality: A new framework";"2013"
"";"The complexity revolution and the future of economics";"2003"
"";"Exploring the patterns and evolution of self-organized urban street networks through modeling";"2013"
"";"Peer Review Quality and Transparency of the Peer-Review Process in Open Access and Subscription Journals";"2016"
"";"La dynamique de systèmes: une méthode de modélisation des unités spatiales";"1984"
"";"Railroads of the Raj: Estimating the impact of transportation infrastructure";"2010"
"";"Qualitative causal modeling in temporal GIS";"1995"
"";"Gibrat Revisited: An Urban Growth Model Incorporating Spatial Interaction and Innovation Cycles.";"2011"
"";"A Cookbook for R";"2017"
"";"Generation of Correlated Synthetic Data";"2016"
"";"Transport infrastructure development and changing spatial accessibility in the Greater Pearl River Delta, China, 1990–2020";"2011"
"";"Calibration of a Spatialized Urban Growth Model";"2016"
"";"Comparing and modelling land use organization in cities";"2015"
"";"The coevolution of transport and land use: An introduction to the Special Issue and an outline of a research agenda";"2011"
"";"Co-evolutionary dynamics within and between firms: From evolution to co-evolution";"2003"
"";"The saga of integrated land use-transport modeling: how many more dreams before we wake up?";"2003"
"";"Using fractal dimensions for characterizing intra-urban diversity: The example of Brussels";"2003"
"";"Model selection and multimodel inference: a practical information-theoretic approach";"2003"
"";"DEVS representation of dynamical systems: Event-based intelligent control";"1989"
"";"Réseaux territoriaux et enracinement";"1987"
"";"Approche multiscalaire des liens entre mobilité quotidienne, morphologie et soutenabilité des métropoles européennes: cas de Paris et de la région Rhin-Ruhr";"2010"
"";"The velocity of spatial population expansion";"1990"
"";"Stabilité structurelle et morphogénèse";"1974"
"";"Role of intermittency in urban development: a model of large-scale city formation";"1997"
"";"Full Computational Reproducibility in Biological Science: Methods, Software and a Case Study in Protein Biology";"2016"
"";"Les Systèmes de Villes en Inde et en Chine.";"2013"
"";"Shape and efficiency in spatial distribution networks";"2006"
"";"Urban morphogenesis at the microscale: how houses change";"1999"
"";"Infrastructure, accessibility and economic growth";"1993"
"";"Geographically weighted regression";"1998"
"";"De la géométrie des réseaux viaires à l’organisation spatiale intra-urbaine. Une approche de la comparaison des formes de villes par la simulation orientée agents.";"2009"
"";"A Simple, Combinatorial Algorithm for Solving SDD Systems in Nearly-Linear Time";"2013"
"";"SIMPOP: a multiagent system for the study of urbanism";"1997"
"";"Les interactions entre système de transport et système de localisation en milieu urbain et leur modélisation";"2000"
"";"Morphogenetic engineering: toward programmable complex systems";"2012"
"";"Dynamic models of segregation";"1971"
"";"Spatial history: Railways, uneven development, and population change in France and Great Britain, 1850–1914";"2011"
"";"Les effets structurants des infrastructures de transport";"2014"
"";"Let’s HPC: A web-based interactive platform to aid High Performance Computing education";"2017"
"";"Distance, land, and proximity: economic analysis and the evolution of cities";"1999"
"";"La notion de chaos et la géographie, quelques réflexions";"1990"
"";"Morphogenesis: origins of patterns and shapes";"2010"
"";"From theory to modelling: urban systems as complex systems";"2006"
"";"Les fondements de la remise en cause du Schéma Directeur des liaisons ferroviaires à grande vitesse: des faiblesses avant tout structurelles";"1997"
"";"Le Grand Paris, où en est-on ?";"2014"
"";"Theory of Zipf’s law and beyond";"2009"
"";"Une géographie sociale. Entre structures et représentations";"2016"
"";"The Death and Life of Great Italian Cities: A Mobile Phone Data Perspective";"2016"
"";"A model of metropolis";"1964"
"";"Centrality measures in spatial networks of urban streets";"2006"
"";"Solving the last mile problem: Ensure the success of public bicycle system in Beijing";"2012"
"";"Autocatalytic networks in cognition and the origin of culture";"2017"
"";"On a Class of Skew Distribution Functions";"1955"
"";"Land-use transport interaction: state of the art";"2004"
"";"Space: the final frontier";"1998"
"";"Discovering spatio-temporal causal interactions in traffic data streams";"2011"
"";"Long-term dynamics of European towns and cities: towards a spatial model of urban growth";"2000"
"";"An incremental method for building and evaluating agent-based models of systems of cities";"2015"
"";"Preferential attachment and growth dynamics in complex systems";"2006"
"";"The city";"1925"
"";"Transportation implications of land development in a transitional economy: Evidence from housing relocation in Beijing";"2006"
"";"Synth: An r package for synthetic control methods in comparative case studies";"2011"
"";"Evolution of reporting P values in the biomedical literature, 1990-2015";"2016"
"";"Urban scaling: What cities are we talking about?";"2015"
"";"Multivariate realised kernels: consistent positive semi-definite estimators of the covariation of equity prices with noise and non-synchronous trading";"2011"
"";"The traces of speed between space and network";"2016"
"";"THE EFFECT OF TRANSPORTATION SUBSIDIES ON URBAN SPRAWL*";"2008"
"";"Gibrat population growth simulator";"2014"
"";"A complex network approach to urban growth";"2006"
"";"Generalized radon transform";"2006"
"";"Scientific perspectivism";"2010"
"";"Dictionnaire passionnel de la modélisation urbaine";"2017"
"";"La ville orientée vers le rail";"2012"
"";"Optimizing complex networks for resilience against cascading failure";"2007"
"";"Le terrain: l’Arlésienne des géographes?";"2012"
"";"Réseaux et territoires-significations croisées";"1996"
"";"Scaling evidence of the homothetic nature of cities";"2017"
"";"What might peer review look like in 2030?";"2017"
"";"Spatiotemporal patterns of population in mainland China, 1990 to 2010";"2016"
"";"Exploring land use and transport interaction through structural equation modelling";"2012"
"";"An evolutionary theory of economic change";"2009"
"";"Observing a quantum Maxwell demon at work";"2017"
"";"Mode-finding for mixtures of Gaussian distributions";"2000"
"";"Entente territorial: Sack and Raffestin on territoriality";"2012"
"";"La dynamique spatio-temporelle des prix immobiliers à différentes échelles: le cas des appartements anciens à Paris (1990-2003)";"2009"
"";"Urban growth and transportation";"2012"
"";"Entretien entre d’Alembert et Diderot";"1965"
"";"OSMnx: New Methods for Acquiring, Constructing, Analyzing, and Visualizing Complex Street Networks";"2016"
"";"Exploration of future changes of residential locations in an urban agglomeration using an individual-based simulation model (Mobisim)";"2015"
"";"Roads and cities of 18th century France";"2015"
"";"Generating urban forms from diffusive growth";"1991"
"";"Time and space scales for measuring urban growth";"2002"
"";"A-t-on encore (vraiment) besoin du territoire?";"1993"
"";"Road planning with slime mould: if Physarum built motorways it would route M6/M74 through Newcastle";"2010"
"";"Geography far from equilibrium";"2017"
"";"Human capital externalities in cities";"2004"
"";"Spatial process and data models: Toward integration of agent-based models and GIS";"2005"
"";"Gama: multi-level and complex environment for agent-based models and simulations";"2013"
"";"Vers des Modèles Couplant Développement Urbain et Croissance des Réseaux de Transports, PhD Project Description.";"October 2014"
"";"Theoretical filters: Reducing explanations in cities to their very essence";"2016"
"";"Density and dispersion: the co-development of land use and rail in London";"2008"
"";"A typology of street patterns";"2014"
"";"An economic agent-based model of coupled housing and land markets (CHALMS)";"2011"
"";"Une théorie géographique des villes";"2010"
"";"A dynamic model for city size distribution beyond Zipf’s law";"2007"
"";"French Roadmap for complex Systems 2008-2009";"2009"
"";"A Discrepancy-based Framework to Compare Robustness between Multi-Attribute Evaluations";"2016"
"";"Theoretical ecology without species";"2015"
"";"Complexity and the Shift in Modern Science";"2015"
"";"The Development of the PRD and the New Pathways for Sustainable Urban Development of Zhuhai";"2016"
"";"Procedural urban modeling in practice";"2008"
"";"Ville et mobilité durable : une évaluation par la simulation";"2013"
"";"Road Growth Modeling-The Development of a Road Growth Model That Co-Evolves with Land Use";"2011"
"";"The scientific method in practice: Reproducibility in the computational sciences";"2010"
"";"The polycentric metropolis: learning from mega-city regions in Europe";"2006"
"";"Urban Scaling in Europe";"2015"
"";"Mapping the Distortions in Time and Space: The French Railway Network 1830–1930";"2013"
"";"AEDT: A new concept for ecological dynamics in the ever-changing world";"2017"
"";"A Model of Road Network and Buildings Extension Co-evolution";"2014"
"";"The prevalence of chaotic dynamics in games with many players";"2016"
"";"Citizen science: A new perspective to advance spatial pattern evaluation in hydrology";"2017"
"";"OpenMOLE, a workflow engine specifically tailored for the distributed exploration of simulation models";"2013"
"";"Villages et faubourgs de l’ancien Paris: histoire d’un espace urbain";"1985"
"";"Knowledge discovery and interactive data mining in bioinformatics-state-of-the-art, future challenges and research directions";"2014"
"";"A conceptual framework for quality assessment and management of biodiversity data";"2017"
"";"Heuristic urban transportation network design method, a multilayer coevolution approach";"2017"
"";"An empirical analysis of the relationship between road development and residential land development";"2005"
"";"Classification and regression by randomForest";"2002"
"";"L’évolution des marchés immobiliers résidentiels dans l’aire urbaine de Reims: un effet de la Ligne à Grande Vitesse Est-européenne?";"2007"
"";"Is this scaling nonlinear?";"2016"
"";"A study of commuting patterns of new town residents in Hong Kong";"2005"
"";"Grand Paris. L’émergence d’une métropole.";"2014"
"";"L’analyse spatiale en géographie humaine";"1973"
"";"Why isn’t the whole world experimenting with the East Asian model to develop?: Review of the East Asian miracle";"1994"
"";"Géographie et économie des réseaux";"1993"
"";"Developing a TOD typology for Beijing metro station areas";"2016"
"";"On the first law of geography: A reply";"2004"
"";"A unifying modelling framework to simulate the Spatial Economic Transport Interaction process at urban and national scales";"2012"
"";"Diffusion-limited aggregation, a kinetic critical phenomenon";"1981"
"";"Seventy-five trials and eleven systematic reviews a day: how will we ever keep up?";"2010"
"";"The 18th century Cassini roads and cities dataset";"2015"
"";"Dynamical criticality: overview and open questions";"2015"
"";"Complexity measurement of natural and artificial languages";"2013"
"";"Urban gravity model based on cross-correlation function and Fourier analyses of spatio-temporal process";"2009"
"";"Growing artificial societies: social science from the bottom up";"1996"
"";"Complex Politics: A Quantitative Semantic and Topological Analysis of UK House of Commons Debates";"2015"
"";"Les construits en géographie humaine: notions et concepts";"1978"
"";"Autopoiesis and cognition";"2004"
"";"A review of urban transportation network design problems";"2013"
"";"Dessertes ferroviaires à grande vitesse et dynamisme économique local : Une analyse économétrique exploratoire sur les unités urbaines francaises";"2013"
"";"Test of two hypotheses explaining the size of populations in a system of cities";"2015"
"";"A predictive view of continuous time processes";"1975"
"";"Urban systems dynamics, urban growth and scaling laws: The question of ergodicity";"2012"
"";"Pour des pratiques de modélisation et de simulation libérées en Géographies et SHS";"2013"
"";"Nomadic ecology shaped the highland geography of Asia’s Silk Roads";"2017"
"";"Urban research and complexity";"1998"
"";"Urban morphology meets deep learning: Exploring urban forms in one million cities, town and villages across the planet";"2017"
"";"Pour une anthropologie de l’espace";"2009"
"";"Predicting Scientific Success Based on Coauthorship Networks";"2014"
"";"Urban evolutions: The fast, the slow, and the still";"2007"
"";"Les dynamiques réticulo-territoriales et la frontière en zone de montagne: approche typologique";"2007"
"";"The association between transit access and auto ownership: evidence from Guangzhou, China";"2016"
"";"A theoretical relationship between the rank-size rule and Clark’s law of urban population distribution: Duality in the rank-size rule";"1987"
"";"Hybrid Modeling of a Bike-Sharing Transportation System";"2015"
"";"trend: Non-Parametric Trend Tests and Change-Point Detection";"2015"
"";"Does first last? the existence and extent of first mover advantages on spatial networks";"2011"
"";"Cumulativité des connaissances";"2005"
"";"Phylomemetic patterns in science evolution—the rise and fall of scientific fields";"2013"
"";"Analyzing temporal changes in land-use–transportation relationships: A LEHD-based approach";"2012"
"";"A theory of power-law distributions in financial market fluctuations";"2003"
"";"Agents, cells, and cities: new representational models for simulating multiscale urban dynamics";"2005"
"";"Analysis of Road Network Pattern Considering Population Distribution and Central Business District";"2016"
"";"Vitesse et processus de sélection hiérarchique dans le système des villes francaises";"2003"
"";"Urban Transfer Entropy across Scales";"2015"
"";"Co-evolution of firms, industries and networks in space";"2011"
"";"Swarm chemistry";"2009"
"";"Cent ans avant Christaller... une théorie des lieux centraux";"1982"
"";"The angular nature of road networks";"2015"
"";"Self-organization versus top-down planning in the evolution of a city";"2013"
"";"Coupling Bayesian networks with GIS-based cellular automata for modeling land use change";"2006"
"";"Elementary processes governing the evolution of road networks";"2012"
"";"Towards a theory of spatial statistics";"1980"
"";"Selection of the simulation software for the management of the operations at an international airport";"2008"
"";"Co-construire Modèles, Etudes Empiriques et Théories en Géographie Théorique et Quantitative: le cas des Interactions entre Réseaux et Territoires";"2017"
"";"The generalized traveling salesman problem solved with ant algorithms";"2017"
"";"Laws of population growth";"2008"
"";"Requisite variety, autopoiesis, and self-organization";"2015"
"";"Location, transport and land-use: modelling spatial-temporal information";"2005"
"";"Co-evolutionary Dynamics of Collective Action with Signaling for a Quorum";"2015"
"";"La logique ternaire de Stéphane Lupasco et le raisonnement géocartographique bioculturel d’Homo geographicus. L’apport de la notion de couplage transdisciplinaire dans l’approche de l’agrégation morphologique des agglomérations urbaines";"2013"
"";"Modelling social systems as complex: Towards a social simulation meta-model";"2000"
"";"Models of growth for system of cities: Back to the simple";"2016"
"";"Urban Skylines: building heights and shapes as measures of city size";"2015"
"";"Classifying patents based on their semantic content";"2017"
"";"Multi-objective discrete urban road network design";"2013"
"";"Système de villes et synergétique";"1992"
"";"Modelling the post-industrial city";"1997"
"";"knitr: A general-purpose package for dynamic report generation in R";"2013"
"";"Fractal cities: a geometry of form and function";"1994"
"";"Repères pour une théorie de la territorialité humaine";"1988"
"";"Le role des mathématiques dans une révolution théorique et quantitative: la géographie francaise depuis les années 1970";"2002"
"";"Emergent Gravity and the Dark Universe";"2016"
"";"Advanced spatial statistics: special topics in the exploration of quantitative spatial data series";"2012"
"";"Turning hunters into herders: A critical examination of Soviet development policy among the Evenki of southeastern Siberia";"1991"
"";"Bootstrapping log likelihood and EIC, an extension of AIC";"1997"
"";"Lignes ferroviaires à grande vitesse et dynamiques locales : une analyse comparée de la littérature";"2010"
"";"Multi-agent system modelling for urban systems: The series of SIMPOP models";"2012"
"";"Multiscale Information Theory and the Marginal Utility of Information";"2017"
"";"Balancing building and maintenance costs in growing transport networks";"2016"
"";"Megacities: The Asian Era";"2015"
"";"The ethics of synthetic biology: guiding principles for emerging technologies";"2011"
"";"A new kind of science";"2002"
"";"Théories et modèles en sciences humaines. Le cas de la géograqhie";"2017"
"";"Simulating Urban Networks through Multiscalar Space-Time Dynamics: Europe and the United States, 17th-20th Centuries";"2010"
"";"Topological evolution of surface transportation networks";"2009"
"";"The Fourth Sustainability, Creativity: Statistical Associations and Credible Mechanisms";"2016"
"";"The Stanford CoreNLP Natural Language Processing Toolkit.";"2014"
"";"Classes of nonseparable, spatio-temporal stationary covariance functions";"1999"
"";"Computational solution to quantum foundational problems";"2014"
"";"A note on a class of skew distribution functions: Analysis and critique of a paper by H. A. Simon";"1959"
"";"Google Scholar: The new generation of citation indexes";"2005"
"";"Railroad development and land value";"1998"
"";"Reconstructing the Mexican Tropical Dry Forests via an Autoecological Niche Approach: Reconsidering the Ecosystem Boundaries";"2016"
"";"Creating synthetic baseline populations";"1996"
"";"Complexity Theories of Cities: Achievements, criticism and potentials";"2012"
"";"The local economic impacts of high-speed railways: theories and facts";"2017"
"";"Methodology and algorithms of empirical likelihood";"1990"
"";"cybergeo20 v1.0";"2016"
"";"A universal model for mobility and migration patterns";"2012"
"";"GUIdock: Using Docker Containers with a Common Graphics User Interface to Address the Reproducibility of Research";"2016"
"";"Complexity and compositionality in fluid intelligence";"2017"
"";"Perception and (re)framing of Urban Environments: A Methodological Reflection toward Sentient Research";"2017"
"";"A Universal Rank-Size Law";"2016"
"";"Continuum rich-get-richer processes: Mean field analysis with an application to firm size";"2017"
"";"Everything you always wanted to know about structural realism but were afraid to ask";"2011"
"";"From complex structures to complex processes: Percolation theory applied to the formation of a city";"2009"
"";"Phase diagram of a Schelling segregation model";"2009"
"";"Direction finding in correlated noise fields based on joint block-diagonalization of spatio-temporal correlation matrices";"1997"
"";"Finding community structure in very large networks";"2004"
"";"Physarum polycephalum percolation as a paradigm for topological phase transitions in transportation networks";"2012"
"";"Transport and Land Use Interaction: A French Case of Suburban Development in the Lille Metropolitan Area (LMA)";"2014"
"";"Grande vitesse ferroviaire et développement économique local: une revue de la littérature";"2011"
"";"Informative and misinformative interactions in a school of fish";"2017"
"";"Déplacements urbains et interaction sociale: le cas du système de transport collectif par métro dans la ville de Mexico";"2012"
"";"Discovering governing equations from data by sparse identification of nonlinear dynamical systems";"2016"
"";"A New Method to Evaluate Simulation Models: The Calibration Profile (CP) Algorithm";"2015"
"";"Unsupervised learning with random forest predictors";"2006"
"";"The socio-spatial dynamics of systems of cities and innovation processes: a multi-level model";"2008"
"";"The Structure and Dynamics of Cities";"2016"
"";"Downward causation and the autonomy of weak emergence";"2002"
"";"User-based solutions for increasing level of service in bike-sharing transportation systems";"2015"
"";"Scientific publishing. Google Scholar wins raves–but can it be trusted?";"2014"
"";"The innovation innovation";"2009"
"";"Les Villes Nouvelles, 30 ans après";"2004"
"";"In praise of science: curiosity, understanding, and progress";"2010"
"";"Enhanced Gravity Model of trade: reconciling macroeconomic and network models";"2015"
"";"Probabilistic part-of-speech tagging using decision trees";"1994"
"";"Models Coupling Urban Growth and Transportation Network Growth : An Algorithmic Systematic Review Approach";"2015"
"";"Au terrain, un apprentissage";"2010"
"";"Half a billion simulations: Evolutionary algorithms and distributed computing for calibrating the SimpopLocal geographical model";"2014"
"";"Formes urbaines et significations: revisiter la morphologie urbaine";"2005"
"";"Le capital au XXIe siècle";"2013"
"";"Rules for Biologically Inspired Adaptive Network Design";"2010"
"";"Built-up encroachment and the urban field: a comparison of forty European cities";"2008"
"";"Viewpoint: Toward a new generation of land use transport interaction models";"2015"
"";"Remarques sur les notions d’espace, de territoire et de territorialité";"1982"
"";"Villes et systèmes de villes dans l’économie";"2006"
"";"Ce Grand Paris qui advient. Lecons pour la planification métropolitaine";"2016"
"";"A propos de l’analyse spatiale exploratoire des données";"2001"
"";"Research on Grid Size Suitability of Gridded Population Distribution in Urban Area: A Case Study in Urban Area of Xuanzhou District, China";"2017"
"";"Integrated modeling of urban hierarchy and transportation network planning";"2010"
"";"A Thematic History of Urban Economic Analysis [with Comments]";"2000"
"";"Toward a more trait-centered approach to diffuse (co) evolution";"2005"
"";"Galaxy Zoo: Exploring the Motivations of Citizen Science Volunteers";"2010"
"";"Coupled catastrophes: sudden shifts cascade and hop among interdependent systems";"2015"
"";"A long-time limit for world subway networks";"2012"
"";"Cities and complexity: understanding cities with cellular automata, agent-based models, and fractals";"2007"
"";"Induced supply: a model of highway network expansion at the microscopic level";"2003"
"";"Patterns of residential segregation";"2015"
"";"How good is volunteered geographical information? A comparative study of OpenStreetMap and Ordnance Survey datasets";"2010"
"";"Generating a synthetic population of individuals in households: Sample-free vs sample-based methods";"2012"
"";"Transportation and urban land values: a review of the theoretical literature";"1976"
"";"Co-évolution des territoires et de la technologie: une perspective institutionnaliste";"2010"
"";"Growing urban roads";"2003"
"";"Can scientists and their institutions become their own open access publishers?";"2017"
"";"Les effets structurants ou les raccourcis de l’explication géographique";"2014"
"";"Revisiting some geography classics with spatial simulation";"2015"
"";"Modeling the growth of transportation networks: A comprehensive review";"2009"
"";"A model of the rise and fall of roads";"2016"
"";"Patent keyword network analysis for improving technology development efficiency";"2014"
"";"A multi-agent model of urban processes: Modelling relocation processes and price setting in housing markets";"2011"
"";"The stochastic city";"1990"
"";"A manifesto for reproducible science";"2017"
"";"Quality assessment of the French OpenStreetMap dataset";"2010"
"";"An evolutionary theory for interpreting urban scaling laws";"2006"
"";"La méthode: la nature de la nature";"1976"
"";"Procedural modeling of land use in cities";"2004"
"";"Transportation technology and economic change: The impact of colonial railroads on city growth in Africa";"2013"
"";"Comparer deux types de systèmes de villes par la modélisation multi-agents";"2010"
"";"MetaZipf. A dynamic meta-analysis of city size distributions";"2017"
"";"Why most published research findings are false";"2005"
"";"Spatial networks";"2011"
"";"Committe on Publication Ethics, Plagiarism Guidelines";"2008"
"";"Géographie de l’alternatif, Géographies alternatives ? Grand Témoin.";"2017"
"";"From global scaling to the dynamics of individual cities";"2017"
"";"Simon’s fundamental rich-gets-richer model entails a dominant first-mover advantage";"2016"
"";"Opinion: Finding the plot in science storytelling in hopes of enhancing science communication";"2017"
"";"Extreme multistability: Attractor manipulation and robustness";"2015"
"";"Hierarchy in Natural and Social Sciences, ed Pumain D";"2006"
"";"Coupling of mesoscale and microscale models—an approach to simulate scale interaction";"2000"
"";"What is open peer review? A systematic review";"2017"
"";"Cybernetics, anarchism and self-organisation";"2013"
"";"Econophysics: Can physicists contribute to the science of economics?";"1999"
"";"Imperium: structures et affects des corps politiques";"2015"
"";"Tobler’s first law and spatial analysis";"2004"
"";"Sir Peter Hall: Pioneer in Regional Planning, Transport and Urban Geography";"2016"
"";"The Age of the Smart City";"2017"
"";"La fractalité comme indicateur de l’état de conservation du patrimoine urbain, Master Thesis Memoire";"2013"
"";"INFRASTRUCTURE, LONG-RUN ECONOMIC GROWTH AND CAUSALITY TESTS FOR COINTEGRATED PANELS";"2008"
"";"Intra-urban human mobility patterns: An urban morphology perspective";"2012"
"";"Universal resilience patterns in complex networks";"2016"
"";"Evidence of land use impacts of rapid transit systems";"1977"
"";"Interurban linkages through polynomially constrained distributed lags";"1980"
"";"A random growth model for power grids and other spatially embedded infrastructure networks";"2014"
"";"Vers une théorie territoriale des réseaux: une application au transport urbain";"1987"
"";"Toward a better representation of housing demand : on the role of monetary and non-monetary costs in household residential strategies";"2010"
"";"Relating land use and human intra-city mobility";"2015"
"";"Urban Spatial Structure";"1998"
"";"Diagnostic tools and a remedial method for collinearity in geographically weighted regression";"2007"
"";"The area and population of cities: new insights from a different perspective on cities";"2011"
"";"Criteria for conceptual and operational notions of complexity";"2008"
"";"Explosive percolation in random networks";"2009"
"";"Long-term impacts of transport infrastructure networks on land-use change: an international review of empirical studies";"2016"
"";"Framework for M&S with Agents in Regard to Agent Simulations in Social Sciences";"2010"
"";"How accessibility shapes land use";"1959"
"";"R et espace";"2014"
"";"Scaling: lost in the smog";"2014"
"";"Spatialisation de l’information";"2009"
"";"Geographic data analysis and modeling";"2015"
"";"Characterizing growth and form of fractal cities with allometric scaling exponents";"2010"
"";"Applying Zipf’s power law over population density and growth as network deployment indicator";"2011"
"";"Copula-Based Approach to Synthetic Population Generation";"2016"
"";"The social construction of what?";"1999"
"";"Some remarks on the notions of ‘structure’and ‘system’ in geography";"1975"
"";"20 On the notion of co-evolution in economic geography";"2010"
"";"Network science based quantification of resilience demonstrated on the Indian Railways Network";"2015"
"";"Soviet new towns, planning and national urban policy: shaping the face of Soviet cities";"1990"
"";"Villes et réseaux de transport : des interactions dans la longue durée, France, Europe, États-Unis";"2009"
"";"Quantifying urban form: compactness versus’ sprawl’";"2005"
"";"The social logic of space";"1989"
"";"Growth, innovation, scaling, and the pace of life in cities";"2007"
"";"Urban morphology as an emerging interdisciplinary field";"1997"
"";"Real-time road traffic prediction with spatio-temporal correlations";"2011"
"";"Evolutionarily stable disequilibrium: endless dynamics of evolution in a stationary population";"2016"
"";"Transportation network equilibrium, design and aggregation: key developments and research opportunities";"1985"
"";"The land use—transport connection: An overview";"1996"
"";"Modeling urban expansion scenarios by coupling cellular automata model and system dynamic model in Beijing, China";"2006"
"";"Boolean Network Models of Collective Dynamics of Open and Closed Large-Scale Multi-agent Systems";"2017"
"";"kernlab – An S4 Package for Kernel Methods in R";"2004"
"";"Contribution à une géographie de l’action publique: le transport entre réseaux et territoires";"2010"
"";"La neutralité dans l’entretien de recherche. Retour personnel sur une évidence";"1996"
"";"OSMOSIS";"2016"
"";"The role of ports in the making of major cities: Self-agglomeration and hub-effect";"1996"
"";"Pursuing Darwin’s curious parallel: Prospects for a science of cultural evolution";"2017"
"";"Cooperative Equilibrium beyond Social Dilemmas: Pareto Solvable Games";"2015"
"";"Comparison of Static and Dynamic Land Use-Transport Interaction Models";"2013"
"";"A formal foundation of systems engineering";"2015"
"";"Modeling urban street patterns";"2008"
"";"Development of a regional transport infrastructure: some lessons from the Zhujiang Delta, Guangdong, China";"1999"
"";"L’ouverture au marché en Chine (années 1980-2000) et le développement économique local: une forme de gouvernance multi-niveaux?";"2017"
"";"Reconsidering the geography of tourism and contemporary mobility";"2005"
"";"City expansion model based on population diffusion and road growth";"2017"
"";"Hierarchical Scaling in Systems of Natural Cities";"2016"
"";"Detection of timescales in evolving complex systems";"2016"
"";"Homophily and missing links in citation networks";"2015"
"";"Application de la Morphogénèse de Réseaux Biologiques à la Conception Optimale d’Infrastructures de Transport";"May 2015"
"";"One city, three models: comparison of land-use/transport policy simulation models for Dortmund";"1991"
"";"The SimpopLocal Model";"2017"
"";"Commune centre, agglomération, aire urbaine: quelle pertinence pour l’étude des villes?";"2002"
"";"Modeling Corridor and Growth Pole Coevolution in Regional Transportation Network";"2014"
"";"Local activity principle";"2013"
"";"Urban and regional development in post-reform China: the case of Zhujiang delta";"2002"
"";"SPEW: Synthetic Populations and Ecosystems of the World";"2017"
"";"Croissance et décroissance des réseaux";"2014"
"";"Les stratégies d’anticipation des ”effets” territoriaux des grands équipements de transport: le cas du TGV Rhin-Rhone";"2013"
"";"Forecasting and evaluating network growth";"2012"
"";"Revisiting “scale-free” networks";"2005"
"";"A dimension-reduced approach to space-time Kalman filtering";"1999"
"";"Prediction of highly cited papers";"2013"
"";"Network meta-analysis, electrical networks and graph theory";"2012"
"";"Dynamic landscape models of coevolutionary games";"2016"
"";"Spatio-temporal covariance functions generated by mixtures";"2002"
"";"Information theory and an extension of the maximum likelihood principle";"1998"
"";"Comparer les morphogénèses urbaines en Europe et aux États-Unis par la simulation à base d’agents – Approches multi-niveaux et environnements de simulation spatiale";"2010"
"";"OpenStreetMap";"2012"
"";"On the evolution of hierarchical urban systems";"1999"
"";"Cities as organisms: Allometric scaling of urban road networks";"2008"
"";"Bubbles Are Departures from Equilibrium Housing Markets: Evidence from Singapore and Taiwan";"2016"
"";"Development of rail infrastructure and its impact on urbanization in the Randstad, the Netherlands";"2015"
"";"Cybernetics";"1980"
"";"NetLogo";"1999"
"";"NetworKit: A Tool Suite for Large-scale Complex Network Analysis";"2014"
"";"Urban Dynamics and Simulation Models";"2017"
"";"Gravity versus radiation models: On the importance of scale and heterogeneity in commuting flows";"2013"
"";"City size, network structure and traffic congestion";"2013"
"";"Espace et Etat dans la France du bas Moyen Age";"1968"
"";"Normalizing and Classifying Shape Indexes of Cities by Ideas from Fractals";"2016"
"";"Amplifying the Impact of Open Access: Wikipedia and the Diffusion of Science";"2015"
"";"Fast motion vector estimation using multiresolution-spatio-temporal correlations";"1997"
"";"De la forme urbaine à la structure métropolitaine: une typologie de la configuration interne des densités pour les principales métropoles européennes de l’Audit Urbain";"2015"
"";"The emergence of hierarchy in transportation networks";"2005"
"";"Memory-endowed US cities and their demographic interactions";"2015"
"";"Chapter 53 The evolution of city size distributions";"2004"
"";"Cities and highway networks in Europe";"1996"
"";"Interactions entre le système de transport et les systèmes de villes: perspective historique pour une modélisation dynamique spatialisée";"1999"
"";"Croissance urbaine et cycles d’innovation dans les systèmes de villes: une modélisation par les interactions spatiales";"2007"
"";"Causal connectivity of evolved neural networks during behavior";"2005"
"";"The organization of urban systems";"2009"
"";"PSOLA: A Heuristic Land-Use Allocation Model Using Patch-Level Operations and Knowledge-Informed Rules";"2016"
"";"Ground truth? Concept-based communities versus the external classification of physics manuscripts";"2016"
"";"120 million agents self-organize into 6 million firms: a model of the US private sector";"2016"
"";"Evolving transportation networks";"2011"
"";"Simplifying complexity: a review of complexity theory";"2001"
"";"Applying ecological model evaludation: Lessons learned with the forest dynamics model Samsara2";"2015"
"";"A Multi-Agent System for the simulation of urban dynamics";"2010"
"";"Model selection with multiple regression on distance matrices leads to incorrect inferences";"2017"
"";"Emergence of multiplex communities in collaboration networks";"2015"
"";"Open science: one term, five schools of thought";"2014"
"";"“Dépoussiérer” des techniques anciennes pour stimuler l’observation sensorielle dans la pratique du terrain";"2013"
"";"Measuring space-time accessibility benefits within transportation networks: basic theory and computational procedures";"1999"
"";"Beyond Zipf’s Law: The Lavalette Rank Function and its Properties";"2016"
"";"Transport link scanner: simulating geographic transport network expansion through individual investments";"2016"
"";"Ontology, a Mediator for Agent-Based Modeling in Social Science";"2010"
"";"La méthode tome 4: les idées";"1991"
"";"Le Bassin parisien. Une région métropolitaine";"2005"
"";"1 km grid population dataset of China (2005, 2010).";"2014"
"";"Human brain parcellation using time courses of instantaneous correlations";"2016"
"";"Un Cadre de Connaissances pour une Géographie Intégrée";"2017"
"";"Spontaneous scaling emergence in generic stochastic systems";"1996"
"";"A cosmological framework for the co-evolution of quasars, supermassive black holes, and elliptical galaxies. I. Galaxy mergers and quasar activity";"2008"
"";"Cities in disequilibrium";"2017"
"";"Refining Approximating Betweenness Centrality Based on Samplings";"2016"
"";"SPECIES—Co-evolution of products, processes and production systems";"2010"
"";"Planar growth generates scale free networks";"2016"
"";"Modeling the Evolution of a Transport System and its Impacts on a French Urban System";"2010"
"";"Nobel, Le Jeu De La Decouverte Scientifique";"2005"
"";"Coévolution dans les systèmes de villes: croissance et spécialisation des aires urbaines francaises de 1950 à 2000";"2004"
"";"Endogenous dynamics of institutional change";"2016"
"";"Indirect Bibliometrics by Complex Network Analysis";"2016"
"";"Constructing a taxonomy of fine-grained human movement and activity motifs through social media";"2014"
"";"Growth over time-correlated disorder: a spectral approach to Mean-field";"2016"
"";"Reconstruction Failures: Questioning Level Design";"2009"
"";"Impacts on accessibility of China’s present and future HSR network";"2014"
"";"Sciences urbaines: interdisciplinarités passive, nave, transitive, offensive";"2015"
"";"Urban growth modeling with road network expansion and land use development";"2011"
"";"Spatial and Social Media Data Analytics of Housing Prices in Shenzhen, China";"2016"
"";"La ville et le rail au Japon: l’expansion des groupes ferroviaires privés à Tokyo et Osaka";"2003"
"";"Accelerated dynamic Fourier velocity encoding by exploiting velocity-spatio-temporal correlations";"2004"
"";"Decision-making without a brain: how an amoeboid organism solves the two-armed bandit";"2016"
"";"Lyapunov characteristic exponents for smooth dynamical systems and for Hamiltonian systems  a method for computing all of them. Part 1: Theory";"1980"
"";"Zipf zipped";"2005"
"";"Interpretability via Model Extraction";"2017"
"";"Separable and Localized System Level Synthesis for Large-Scale Systems";"2017"
"";"La diffusion de la géographie théorique et quantitative européenne francophone d’après les réseaux de communications aux colloques européens (1978-2011)";"2013"
"";"Cellular worlds: a framework for modeling micro—macro dynamics";"1985"
"";"Exploring the co-evolution of the geographies of air transport aviation and corporate networks";"2013"
"";"Exploring the relationship between street centrality and land use in Stockholm";"2014"
"";"Qualitative research guidelines project";"2006"
"";"Models of the Relationship between Transport and Land-use: A Review";"2006"
"";"Network cities: A complexity-network approach to urban dynamics and development";"2010"
"";"On the Spatiotemporal Dynamics of the Coupling between Land Use and Road Networks: Does Political History Matter?";"2015"
"";"Beyond Corroboration: Strengthening Model Validation by Looking for Unexpected Patterns";"2015"
"";"Hierarchy in cities and city systems";"2006"
"";"Staged Models for Interdisciplinary Research";"2016"
"";"Towards a Metropolitan Fundamental Diagram Using Travel Survey Data";"2016"
"";"Why are large cities faster? Universal scaling and self-similarity in urban organization and dynamics";"2008"
"";"Allotissement et rendements d’échelle : application aux réseaux de transport ferroviaire";"2007"
"";"Growth Patterns of Subway/Metro Systems Tracked by Degree Correlation";"2012"
"";"La mobilité quotidienne dans les grandes villes du monde: application de la théorie des réseaux bayésiens";"2004"
"";"Urban growth simulation from “first principles”";"2002"
"";"A data base on Chinese urbanization: ChinaCities";"2017"
"";"Modeling urban growth patterns with correlated percolation";"1998"
"";"Un automate cellulaire pour expérimenter les effets de la proximité dans le processus d’étalement urbain: le modèle Raumulus";"2012"
"";"Robustness and Closeness Centrality for Self-Organized and Planned Cities";"2015"
"";"Identification of causal effects using instrumental variables";"1996"
"";"Coévolution des paysages et des activités agricoles dans différents territoires d’élevage des montagnes francaises: entre intensification et déprise agricole";"2015"
"";"Space-time contraction and the dynamics of urban systems";"1998"
"";"Spatstat: An R Package for Analyzing Spatial Point Pattens";"2004"
"";"Spatio-temporal shape and flow correlation for action recognition";"2007"
"";"New pathways for sustainable urban development in China’s medium-sized cities (MEDIUM)";"2016"
"";"Les simulations computationnelles dans les sciences sociales";"2010"
"";"Network analysis in geography";"1970"
"";"Towards Models Coupling Urban Growth and Transportation Network Growth. First year preliminary memoire. DOI : http://dx.doi.org/10.5281/zenodo.60538";"2016"
"";"Empirical confirmation of creative destruction from world trade data";"2012"
"";"What is spatial autocorrelation? Reflections on the past 25 years of spatial statistics";"1992"
"";"Scaling laws in urban supply networks";"2006"
"";"Power-law distributions in empirical data";"2009"
"";"Contribution de la future ligne ferroviaire à grande vitesse Tours-Bordeaux au développement des réseaux des villes, une évaluation par le potentiel de contact";"2014"
"";"Fast fully dynamic landmark-based estimation of shortest path distances in very large graphs";"2011"
"";"Concurrent enhancement of percolation and synchronization in adaptive networks";"2015"
"";"The Long-Term Evolution of Social Organization";"2009"
"";"Fitting heavy tailed distributions: the poweRlaw package";"2014"
"";"Do Physicists Have’Geography Envy’? And What Can Geographers Learn From It?";"2015"
"";"Autopoiesis with or without cognition: defining life at its edge";"2004"
"";"Coevolution of synchronization and cooperation in networks of coupled oscillators";"2016"
"";"Density and diversity of OpenStreetMap road networks in China";"2015"
"";"European Neolithic societies showed early warning signals of population collapse";"2016"
"";"The economics of transportation network growth";"2007"
"";"The emergence of urban land use patterns driven by dispersion and aggregation mechanisms";"2013"
"";"Population-driven urban road evolution dynamic model";"2016"
"";"Computational mechanics: Pattern and prediction, structure and simplicity";"2001"
"";"Time-Geography: Individuals in Time and Space";"2007"
"";"Modeling of complex systems ii: A minimalist and unified semantics for heterogeneous integrated systems";"2012"
"";"Extending the definition of modularity to directed graphs with overlapping communities";"2009"
"";"Evaluating replicability of laboratory experiments in economics";"2016"
"";"Revisiting the structuring effect of transportation infrastructure: an empirical approach with the French Railway Network from 1860 to 1910";"2017"
"";"How transportation hierarchy shapes human mobility";"2015"
"";"Network effects in Schelling’s model of segregation: new evidences from agent-based simulation";"2012"
"";"Linked: How everything is connected to everything else and what it means";"2002"
"";"Dynamics on networks: competition of temporal and topological correlations";"2016"
"";"The Cost of Transportation: Spatial Analysis of Fuel Prices in the US";"2017"
"";"The invention of daily mobility. Performative aspects of the instruments of economics of transportation.";"2013"
"";"Urban Sprawl: Is There a French Case?";"2004"
"";"Effectiveness of learning transportation network growth through simulation";"2006"
"";"Co-evolution of density and topology in a simple model of city formation";"2009"
"";"Modèle de morphogénèse urbaine: simulation d’espaces qualitativement différenciés dans le cadre du modèle de l’économie urbaine";"2012"
"";"Schumpeterian growth theory and the dynamics of income inequality";"2002"
"";"Towards new metrics for urban road networks: Some preliminary evidence from agent-based simulations";"2012"
"";"The wage transition in developed countries and its implications for China";"2016"
"";"Modularity and the Spread of Perturbations in Complex Dynamical Systems";"2015"
"";"Amoeba-based computing for traveling salesman problem: Long-term correlations between spatially separated individual cells of Physarum polycephalum";"2013"
"";"The Funk transform as a Penrose transform";"1999"
"";"The new economic geography: Past, present and the future*";"2004"
"";"Scaling, the universal laws of growth, innovation, sustainibility, and the pace of life in organisms, cities, economies, and companies.";"2017"
"";"Des prémisses de la théorie de la forme urbaine au parcours morphogénétique de l’établissement humain";"1992"
"";"Spatiotemporal chaos";"1994"
"";"Explaining the Prevalence, Scaling and Variance of Urban Phenomena";"2016"
"";"SIRN–Synergetic Inter-Representation Networks";"2011"
"";"The role of English in scientific communication: lingua franca or Tyrannosaurus rex?";"2004"
"";"Growth fluctuation in preferential attachment dynamics";"2015"
"";"Solving inverse problems with piecewise linear estimators: From Gaussian mixture models to structured sparsity";"2012"
"";"Selecting the Number of States in Hidden Markov Models - Pitfalls, Practical Challenges and Pragmatic Solutions";"2017"
"";"Model Selection in Historical Research Using Approximate Bayesian Computation";"2016"
"";"FROM DATA CRUNCHING TO MODEL CRUNCHING-THE DAWN OF A NEW ERA";"1983"
"";"For a Cautious Use of Big Data and Computation";"2016"
"";"rgdal: bindings for the Geospatial Data Abstraction Library";"2011"
"";"Read Cities through their Lines. Methodology to characterize spatial graphs";"2015"
"";"Paradoxical Interpretations of Urban Scaling Laws";"2015"
"";"The end of certainty";"1997"
"";"Conceptualiser le territoire";"2008"
"";"Latent dirichlet allocation";"2003"
"";"Procedural modeling of cities";"2001"
"";"Exploring causality in trade and air passenger travel relationships: the case of Asia-Pacific, 1980–2010";"2014"
"";"Structural preferential attachment: Network organization beyond the link";"2011"
"";"MetaZipf. (Re)producing knowledge about city size distributions";"2016"
"";"Governance Choice-A Simulation Model";"2011"
"";"Subliminal influence or plagiarism by negligence ? The Slodderwetenschap of ignoring the internet";"2013"
"";"Improving Execution Speed of Models Implemented in NetLogo";"2017"
"";"Quantum Criticality at the Origin of Life";"2015"
"";"Self-doubt and soft data: social and technical trajectories in ethnographic fieldwork";"1990"
"";"Mathematics and morphogenesis of cities: A geometrical approach";"2011"
"";"An evaluation of the interaction between urban transport and land use systems";"1972"
"";"A population density grid of the European Union";"2010"
"";"Alan Turing’s Drawings, Autopoiesis and Can Buildings Think?";"2014"
"";"Governance Choice - A Theoretical Analysis";"2011"
"";"Une approche de la complexité en géographie";"2003"
"";"Paris, métropole hors les murs: aménager et gouverner un Grand Paris";"2009"
"";"Innovation and Top Income Inequality";"2015"
"";"Continuous utility factor in segregation models: a few surprises";"2015"
"";"Assessing a mixture model for clustering with the integrated completed likelihood";"2000"
"";"Git can facilitate greater reproducibility and increased transparency in science.";"2013"
"";"Structure and information in spatial segregation";"2017"
"";"Early-warning signals of topological collapse in interbank networks";"2013"
"";"Evaluating the impact of interdisciplinary research: a multilayer network approach";"2016"
"";"Diversity and coevolutionary dynamics in high-dimensional phenotype spaces";"2017"
"";"Game Theory and Agent-based Modelling for the Simulation of Spatial Phenomena";"2010"
"";"Cities as systems within systems of cities";"1964"
"";"Modélisation morphogénétique de moyen terme des villes: une schématisation du modèle théorique de RITCHOT et DESMARAIS dans le cadre du modèle standard de l’économie urbaine";"2014"
"";"Exploring the social face of urban mobility: daily mobility as part of the social structure in Spain";"2008"
"";"The new purposes of the French high-speed rail system in the framework of a centralized network: a substitute to the domestic air transport market?";"2010"
"";"State power and elite autonomy: The board interlock network of Chinese non-profits";"2016"
"";"The nature of computation";"2011"
"";"Urban socioeconomic patterns revealed through morphology of travel routes";"2017"
"";"Response of urban real estate values in anticipation of the Washington Metro";"1980"
"";"Constructing cities, deconstructing scaling laws";"2013"
"";"LA POSITION DE LA REVUE SOCIÉTÉS DANS L’ESPACE DISCURSIF DE LA SOCIOLOGIE FRANCAISE";"2015"
"";"Urban dynamics modelling with endogeneous transport infrastructures, in a polycentric region";"2011"
"";"Modeling the emergence of metropolitan transport autorithy in a polycentric urban region";"2015"
"";"A study of crowding effects at the Hong Kong light rail transit stations";"1999"
"";"Spatial interaction creates period-doubling bifurcation and chaos of urbanization";"2009"
"";"How Did Urban Land Expand in China between 1992 and 2015? A Multi-Scale Landscape Analysis";"2016"
"";"Fast unfolding of communities in large networks";"2008"
"";"Symmetric and Asymmetric Tendencies in Stable Complex Systems";"2015"
"";"Resilience of Self-Organised and Top-Down Planned Cities—A Case Study on London and Beijing Street Networks";"2015"
"";"L’auto-organisation: de la physique au politique";"1983"
"";"Geographically weighted principal components analysis";"2011"
"";"Spatial organization";"1977"
"";"Modélographie multi-agents de la simulation des interactions sociétés-environnement et de l’émergence des villes";"2013"
"";"Grand Paris: sortir des illusions, approfondir les ambitions";"2012"
"";"Urban economy as a scale-free network";"2003"
"";"Exploring the evolution of London’s street network in the information space: A dual approach";"2014"
"";"Les méthodologies usuelles de l’étude des effets structurants de l’offre de transport";"1974"
"";"Megalopolis: the urbanized northeastern seaboard of the United States";"1964"
"";"Paris/Babel. Une mégalopole européenne";"2013"
"";"Fractal geometry of urban patterns and their morphogenesis";"1998"
"";"Mathématique de la Chauve-Souris";"2017"
"";"How a life-like system emerges from a simplistic particle motion law";"2016"
"";"Spiral orbits and oscillations in historical dynamics";"2015"
"";"Artificial intelligence and collective agents: the EUROSIM model";"2006"
"";"Disaggregating Census Data for Population Mapping Using Random Forests with Remotely-Sensed and Ancillary Data";"2015"
"";"Mining bicycle sharing data for generating insights into sustainable transport systems";"2014"
"";"Le hasard et la Nécessité";"1970"
"";"Calculating Kolmogorov complexity from the output frequency distributions of small turing machines";"2014"
"";"The standard map: From Boltzmann-Gibbs statistics to Tsallis statistics";"2015"
"";"Projects of Development of Transcontinental Transport-Economic Belts in Northern Eurasia";"2015"
"";"Physarum solver: a biologically inspired method of road-network navigation";"2006"
"";"A Hierarchical Allometric Scaling Analysis of Chinese Cities: 1991-2014";"2016"
"";"A different universe: Reinventing physics from the bottom down";"2006"
"";"Generating synthetic populations using IPF and monte carlo techniques: Some new results";"2004"
"";"PIRANDELLO an integrated transport and land-use model for the Paris area";"2008"
"";"Are Chinese cities too small?";"2006"
"";"The complexity and robustness of metro networks";"2010"
"";"Visions de la complexité. Le démon de Laplace dans tous ses états";"2015"
"";"City repositioning and competitiveness building in regional development: New development strategies in Guangzhou, China";"2005"
"";"Adaptive Cities: A Cybernetic Perspective on Urban Systems";"2016"
"";"Is the suburban railway system a fractal?";"1991"
"";"Tracking random walks";"2017"
"";"Convergent multiplicative processes repelled from zero: power laws and truncated power laws";"1997"
"";"The economy needs agent-based modelling";"2009"
"";"A global take on congestion in urban areas";"2016"
"";"Infrastructures de transport, densification et étalement urbains: quelques enseignements de l’expérience nantaise";"2007"
"";"Locomotives of local growth: The short-and long-term impact of railroads in Sweden";"2017"
"";"The chemical basis of morphogenesis";"1952"
"";"Towards a scientific blockchain framework for reproducible data analysis";"2017"
"";"Ouverture et fermeture de territoire par les réseaux de transports dans trois espaces montagnards (Bugey, Bauges et Maurienne)";"2008"
"";"Does the ”tunnel effect” still remains in 2016?";"2016"
"";"An Applied Knowledge Framework to Study Complex Systems";"2017"
"";"Urban growth and spatial structure: mathematical models and empirical evidence";"1966"
"";"Crowdsourcing the Robin Hood effect in cities";"2016"
"";"Conception of a gis-platform to simulate urban densification based on the analysis of topographic data";"2011"
"";"Time Evolution of Road Networks";"2015"
"";"The creative destruction of cities";"2007"
